{"RuleTriggered": 0, "Violations": 0, "Details": {"pin_memory": false, "num_workers": 0, "cores": 4, "dataloaders": 1, "dataloading_time": {"p25": 0.63907375, "p50": 0.6539355, "p95": 0.6806866500000001, "probs": [1, 0, 0, 0, 0, 0, 0, 0, 0, 0, 0, 0, 0, 0, 0, 0, 0, 0, 0, 0, 0, 0, 0, 0, 0, 0, 0, 0, 0, 0, 0, 0, 0, 0, 0, 0, 0, 0, 0, 0, 0, 0, 0, 0, 0, 0, 0, 0, 0, 0, 0, 0, 0, 0, 0, 0, 0, 0, 0, 0, 0, 0, 0, 0, 0, 0, 0, 0, 0, 0, 0, 0, 0, 0, 0, 0, 0, 0, 0, 0, 0, 0, 0, 0, 0, 0, 0, 0, 0, 0, 0, 0, 0, 0, 0, 0, 0, 0, 0, 1], "binedges": [0.624212, 0.62480647, 0.62540094, 0.62599541, 0.62658988, 0.62718435, 0.62777882, 0.62837329, 0.62896776, 0.62956223, 0.6301567, 0.63075117, 0.63134564, 0.6319401099999999, 0.63253458, 0.63312905, 0.63372352, 0.63431799, 0.63491246, 0.63550693, 0.6361014, 0.6366958699999999, 0.63729034, 0.63788481, 0.63847928, 0.63907375, 0.63966822, 0.64026269, 0.64085716, 0.64145163, 0.6420461, 0.64264057, 0.64323504, 0.64382951, 0.64442398, 0.64501845, 0.64561292, 0.64620739, 0.64680186, 0.64739633, 0.6479908, 0.64858527, 0.64917974, 0.64977421, 0.65036868, 0.65096315, 0.65155762, 0.65215209, 0.65274656, 0.65334103, 0.6539355, 0.65452997, 0.65512444, 0.65571891, 0.6563133800000001, 0.65690785, 0.65750232, 0.65809679, 0.65869126, 0.65928573, 0.6598802, 0.66047467, 0.66106914, 0.66166361, 0.66225808, 0.66285255, 0.66344702, 0.66404149, 0.66463596, 0.66523043, 0.6658249, 0.6664193700000001, 0.66701384, 0.66760831, 0.66820278, 0.66879725, 0.66939172, 0.66998619, 0.67058066, 0.67117513, 0.6717696, 0.67236407, 0.67295854, 0.67355301, 0.67414748, 0.67474195, 0.67533642, 0.6759308900000001, 0.67652536, 0.67711983, 0.6777143, 0.67830877, 0.67890324, 0.67949771, 0.68009218, 0.6806866500000001, 0.68128112, 0.68187559, 0.68247006, 0.68306453, 0.683659]}}, "Datapoints": 2, "RuleParameters": "min_threshold:70\nmax_threshold:200"}