{"RuleTriggered": 302, "Violations": 302, "Details": {"algo-1": {"gpu0": {"increase": 6.044444444444446, "gpu_max": 80.0, "p05": 0.0, "p25": 0.0, "p50": 0.0, "p75": 15.0, "p95": 73.0, "upper": 37.5, "lower": 0.0}}, "last_timestamp": 1723710720000000, "algo-2": {"gpu0": {"increase": 7.87777777777778, "gpu_max": 80.0, "p05": 0.0, "p25": 0.0, "p50": 0.0, "p75": 15.0, "p95": 74.0, "upper": 37.5, "lower": 0.0}}}, "Datapoints": 2016, "RuleParameters": "increase:5\npatience:1000\nwindow:10"}