{"RuleTriggered": 0, "Violations": 72, "Details": {"low_gpu_utilization": 2928, "bottlenecks": {"1723709783.501815": {"GPUs": 1, "CPUs": 1}, "1723709786.001777": {"GPUs": 1, "CPUs": 1}, "1723709847.002208": {"GPUs": 1, "CPUs": 1}, "1723709849.501729": {"GPUs": 1, "CPUs": 1}, "1723709850.001987": {"GPUs": 1, "CPUs": 1}, "1723709838.501821": {"GPUs": 1, "CPUs": 1}, "1723709884.001775": {"GPUs": 1, "CPUs": 1}, "1723709886.502259": {"GPUs": 1, "CPUs": 1}, "1723709888.002605": {"GPUs": 1, "CPUs": 1}, "1723709958.002506": {"GPUs": 1, "CPUs": 1}, "1723710045.502269": {"GPUs": 1, "CPUs": 1}, "1723710048.001637": {"GPUs": 1, "CPUs": 1}, "1723710049.001732": {"GPUs": 1, "CPUs": 1}, "1723710050.002273": {"GPUs": 1, "CPUs": 1}, "1723710051.002533": {"GPUs": 1, "CPUs": 1}, "1723710051.502516": {"GPUs": 1, "CPUs": 1}, "1723710052.002617": {"GPUs": 1, "CPUs": 1}, "1723710053.502337": {"GPUs": 1, "CPUs": 1}, "1723710054.002389": {"GPUs": 1, "CPUs": 1}, "1723710054.502256": {"GPUs": 1, "CPUs": 1}, "1723710055.002177": {"GPUs": 1, "CPUs": 1}, "1723710058.002524": {"GPUs": 1, "CPUs": 1}, "1723710058.502518": {"GPUs": 1, "CPUs": 1}, "1723710040.501664": {"GPUs": 1, "CPUs": 1}, "1723710047.001329": {"GPUs": 1, "CPUs": 1}, "1723710047.501752": {"GPUs": 1, "CPUs": 1}, "1723710048.501415": {"GPUs": 1, "CPUs": 1}, "1723710049.001804": {"GPUs": 1, "CPUs": 1}, "1723710049.501206": {"GPUs": 1, "CPUs": 1}, "1723710050.001667": {"GPUs": 1, "CPUs": 1}, "1723710050.501094": {"GPUs": 1, "CPUs": 1}, "1723710051.501717": {"GPUs": 1, "CPUs": 1}, "1723710053.001745": {"GPUs": 1, "CPUs": 1}, "1723710054.001598": {"GPUs": 1, "CPUs": 1}, "1723710054.501467": {"GPUs": 1, "CPUs": 1}, "1723710057.501332": {"GPUs": 1, "CPUs": 1}, "1723710067.502374": {"GPUs": 1, "CPUs": 1}, "1723710068.502361": {"GPUs": 1, "CPUs": 1}, "1723710069.002401": {"GPUs": 1, "CPUs": 2}, "1723710071.502064": {"GPUs": 1, "CPUs": 1}, "1723710072.502095": {"GPUs": 1, "CPUs": 1}, "1723710082.002278": {"GPUs": 1, "CPUs": 1}, "1723710082.502113": {"GPUs": 1, "CPUs": 1}, "1723710083.001812": {"GPUs": 1, "CPUs": 1}, "1723710084.001632": {"GPUs": 1, "CPUs": 1}, "1723710084.502393": {"GPUs": 1, "CPUs": 1}, "1723710085.002476": {"GPUs": 1, "CPUs": 1}, "1723710062.001664": {"GPUs": 1, "CPUs": 1}, "1723710062.501704": {"GPUs": 1, "CPUs": 1}, "1723710067.001074": {"GPUs": 1, "CPUs": 1}, "1723710067.500974": {"GPUs": 1, "CPUs": 2}, "1723710068.001079": {"GPUs": 1, "CPUs": 1}, "1723710069.501287": {"GPUs": 1, "CPUs": 1}, "1723710070.501206": {"GPUs": 1, "CPUs": 1}, "1723710081.001746": {"GPUs": 1, "CPUs": 1}, "1723710081.501566": {"GPUs": 1, "CPUs": 1}, "1723710082.001773": {"GPUs": 1, "CPUs": 1}, "1723710082.500887": {"GPUs": 1, "CPUs": 1}, "1723710084.001257": {"GPUs": 1, "CPUs": 1}, "1723710084.501397": {"GPUs": 1, "CPUs": 1}, "1723710085.001342": {"GPUs": 1, "CPUs": 1}, "1723710516.502496": {"GPUs": 1, "CPUs": 1}, "1723710517.002442": {"GPUs": 1, "CPUs": 1}, "1723710518.502323": {"GPUs": 1, "CPUs": 1}, "1723710520.002408": {"GPUs": 1, "CPUs": 1}, "1723710528.502517": {"GPUs": 1, "CPUs": 1}, "1723710530.001715": {"GPUs": 1, "CPUs": 1}, "1723710516.501501": {"GPUs": 1, "CPUs": 1}, "1723710517.001708": {"GPUs": 1, "CPUs": 1}, "1723710518.501823": {"GPUs": 1, "CPUs": 1}, "1723710522.001676": {"GPUs": 1, "CPUs": 1}, "1723710522.501459": {"GPUs": 1, "CPUs": 1}}}, "Datapoints": 4039, "RuleParameters": "threshold:50\nio_threshold:50\ngpu_threshold:10\npatience:1000"}