{"RuleTriggered": 0, "Violations": 0, "Details": {"step_num": {"first": 1723710064615459, "last": 1723710779443271}, "job_start": 1723709770.501663, "job_end": 1723710779.502719}, "Datapoints": 1627, "RuleParameters": "threshold:20"}