{"RuleTriggered": 0, "Violations": 0, "Details": {"ratio": {"gpu_functions-dev:0": 50.190804634391284, "cpu_functions": 49.80919536560872}, "phase": {"Step:ModeKeys.TRAIN": 24.055974476176374, "others": 75.94402552382363}, "phase_time": {}, "CPU": {"aten::conv2d": 20.91517850472276, "aten::convolution": 20.912253790932933, "aten::_convolution": 20.910494329449076, "aten::cudnn_convolution": 20.90801556211829, "aten::to": 3.9934690735667333, "aten::copy_": 4.005330091074777, "aten::linear": 3.053609691025822, "aten::addmm": 3.0534162545098216, "enumerate(DataLoader)#_SingleProcessDataLoaderIter.__next__": 2.2482327025997892}, "CPU_total": {"aten::conv2d": 18056750, "aten::convolution": 18054225, "aten::_convolution": 18052706, "aten::cudnn_convolution": 18050566, "aten::to": 3447691, "aten::copy_": 3457931, "aten::linear": 2636280, "aten::addmm": 2636113, "enumerate(DataLoader)#_SingleProcessDataLoaderIter.__next__": 1940972}, "GPU": {"aten::conv2d": 20.99488380708294, "aten::convolution": 20.993279594399677, "aten::_convolution": 20.9922451021086, "aten::cudnn_convolution": 20.990392934193913, "aten::to": 3.8476677924872122, "aten::copy_": 3.8623213700239267, "aten::linear": 3.0404293542042904, "aten::addmm": 3.040242522820617, "enumerate(DataLoader)#_SingleProcessDataLoaderIter.__next__": 2.2385375226788216}, "GPU_total": {"aten::conv2d": 18204496, "aten::convolution": 18203105, "aten::_convolution": 18202208, "aten::cudnn_convolution": 18200602, "aten::to": 3336282, "aten::copy_": 3348988, "aten::linear": 2636332, "aten::addmm": 2636170, "enumerate(DataLoader)#_SingleProcessDataLoaderIter.__next__": 1941018}, "general": {"DataLoaderIterInitialize": 0.0028664717706033526, "DataLoaderIter": 1.2734291104248565, "Forward": 98.72370441780454}}, "Datapoints": 0, "RuleParameters": ""}