{"RuleTriggered": 0, "Violations": 0, "Details": {"step_details": {"algo-2-33": {"step_stats": {"mean": 0.06350101722017219, "max": 20.378598, "p99": 0.0329824, "p95": 0.0273202, "p50": 0.023914, "min": 0.017154}, "number_of_outliers": 2, "phase": "Step:ModeKeys.TRAIN", "stddev": 0.79, "probs": [808, 2, 0, 0, 0, 0, 0, 0, 0, 0, 0, 0, 0, 0, 0, 0, 0, 0, 0, 0, 0, 0, 0, 0, 0, 0, 0, 0, 0, 0, 0, 0, 0, 0, 0, 0, 0, 0, 0, 0, 0, 0, 0, 0, 0, 0, 0, 0, 0, 0, 0, 0, 0, 0, 0, 0, 0, 0, 0, 0, 0, 0, 0, 0, 0, 0, 0, 0, 0, 0, 0, 0, 0, 0, 0, 0, 0, 0, 0, 0, 0, 0, 0, 0, 0, 0, 0, 0, 0, 0, 0, 0, 0, 0, 0, 0, 0, 0, 0, 1], "binedges": [0.017154, 0.03591456, 0.05467512000000001, 0.07343568, 0.09219624000000001, 0.11095680000000002, 0.12971736, 0.14847792, 0.16723848000000002, 0.18599904000000003, 0.20475960000000004, 0.22352016000000002, 0.24228072000000003, 0.26104128000000004, 0.27980184, 0.29856240000000006, 0.31732296000000004, 0.33608352, 0.35484408000000006, 0.37360464000000004, 0.3923652000000001, 0.41112576000000006, 0.42988632000000004, 0.4486468800000001, 0.46740744000000006, 0.48616800000000004, 0.5049285600000001, 0.5236891200000001, 0.54244968, 0.5612102400000001, 0.5799708000000001, 0.59873136, 0.6174919200000001, 0.6362524800000001, 0.65501304, 0.6737736000000001, 0.6925341600000001, 0.71129472, 0.7300552800000001, 0.7488158400000001, 0.7675764000000002, 0.7863369600000001, 0.8050975200000001, 0.8238580800000002, 0.8426186400000001, 0.8613792000000001, 0.8801397600000002, 0.8989003200000001, 0.9176608800000001, 0.9364214400000002, 0.9551820000000001, 0.9739425600000001, 0.9927031200000002, 1.01146368, 1.0302242400000001, 1.0489848, 1.06774536, 1.08650592, 1.10526648, 1.12402704, 1.1427876000000001, 1.16154816, 1.18030872, 1.19906928, 1.21782984, 1.2365904, 1.2553509600000001, 1.2741115200000002, 1.29287208, 1.31163264, 1.3303932, 1.34915376, 1.3679143200000001, 1.3866748800000002, 1.40543544, 1.424196, 1.44295656, 1.46171712, 1.4804776800000001, 1.4992382400000002, 1.5179988000000002, 1.53675936, 1.55551992, 1.57428048, 1.5930410400000001, 1.6118016000000002, 1.6305621600000002, 1.64932272, 1.66808328, 1.68684384, 1.7056044000000001, 1.7243649600000002, 1.7431255200000002, 1.76188608, 1.78064664, 1.7994072, 1.8181677600000001, 1.8369283200000002, 1.8556888800000002, 1.8744494400000002, 1.89321], "step_numbers": ["0", "500"]}, "algo-1-33": {"step_stats": {"mean": 0.06115939312039312, "max": 19.319617, "p99": 0.032223180000000004, "p95": 0.0270408, "p50": 0.0239625, "min": 0.016624}, "number_of_outliers": 2, "phase": "Step:ModeKeys.TRAIN", "stddev": 0.75, "probs": [806, 5, 0, 0, 0, 0, 0, 0, 0, 0, 0, 0, 0, 0, 0, 0, 0, 0, 0, 0, 0, 0, 0, 0, 0, 0, 0, 0, 0, 0, 0, 0, 0, 0, 0, 0, 0, 0, 0, 0, 0, 0, 0, 0, 0, 0, 0, 0, 0, 0, 0, 0, 0, 0, 0, 0, 0, 0, 0, 0, 0, 0, 0, 0, 0, 0, 0, 0, 0, 0, 0, 0, 0, 0, 0, 0, 0, 0, 0, 0, 0, 0, 0, 0, 0, 0, 0, 0, 0, 0, 0, 0, 0, 0, 0, 0, 0, 0, 0, 1], "binedges": [0.016624, 0.033044840000000006, 0.049465680000000005, 0.06588652, 0.08230736000000001, 0.09872820000000002, 0.11514904000000001, 0.13156988000000003, 0.14799072000000002, 0.16441156, 0.18083240000000003, 0.19725324000000002, 0.21367408000000002, 0.23009492000000004, 0.24651576000000003, 0.2629366000000001, 0.27935744000000007, 0.29577828000000006, 0.31219912000000005, 0.32861996000000004, 0.34504080000000004, 0.36146164000000003, 0.37788248, 0.39430332, 0.41072416, 0.4271450000000001, 0.4435658400000001, 0.4599866800000001, 0.4764075200000001, 0.4928283600000001, 0.5092492000000001, 0.5256700400000001, 0.54209088, 0.55851172, 0.57493256, 0.5913534, 0.60777424, 0.62419508, 0.6406159200000001, 0.6570367600000001, 0.6734576000000001, 0.6898784400000001, 0.7062992800000001, 0.7227201200000001, 0.7391409600000001, 0.7555618000000001, 0.77198264, 0.78840348, 0.80482432, 0.8212451600000001, 0.8376660000000001, 0.8540868400000001, 0.8705076800000001, 0.8869285200000001, 0.9033493600000001, 0.9197702000000001, 0.9361910400000001, 0.9526118800000001, 0.9690327200000001, 0.9854535600000002, 1.0018744000000002, 1.01829524, 1.0347160800000001, 1.05113692, 1.0675577600000001, 1.0839786000000002, 1.1003994400000001, 1.1168202800000002, 1.13324112, 1.1496619600000002, 1.1660828, 1.1825036400000002, 1.19892448, 1.2153453200000002, 1.23176616, 1.2481870000000002, 1.2646078400000003, 1.2810286800000001, 1.2974495200000002, 1.3138703600000001, 1.3302912000000002, 1.34671204, 1.3631328800000002, 1.37955372, 1.3959745600000002, 1.4123954, 1.4288162400000002, 1.4452370800000003, 1.4616579200000002, 1.4780787600000003, 1.4944996000000002, 1.5109204400000003, 1.5273412800000001, 1.5437621200000002, 1.5601829600000001, 1.5766038000000002, 1.59302464, 1.6094454800000002, 1.6258663200000003, 1.6422871600000002, 1.658708], "step_numbers": ["0", "500"]}}}, "Datapoints": 1627, "RuleParameters": "threshold:3\nmode:None\nn_outliers:10\nstddev:3"}